Confirmed,date,Recovered,Death,Active_cases,Active_cases_smooth,Recovered_Death,Recovered_Death_smooth
57,2020.02.28,0,2,55,55.0,0.0,0.0
100,2020.02.29,0,2,98,76.5,0.0,0.0
130,2020.03.01,0,2,128,93.66666666666667,0.0,0.0
191,2020.03.02,0,3,188,117.25,1.0,0.25
212,2020.03.03,0,4,208,135.4,1.0,0.4
285,2020.03.04,0,4,281,159.66666666666666,0.0,0.3333333333333333
423,2020.03.05,0,7,416,196.28571428571428,3.0,0.7142857142857143
613,2020.03.06,0,9,604,274.7142857142857,2.0,1.0
938,2020.03.07,0,16,922,392.42857142857144,7.0,2.0
1115,2020.03.08,0,19,1096,530.7142857142857,3.0,2.4285714285714284
1401,2020.03.09,0,25,1376,700.4285714285714,6.0,3.142857142857143
1773,2020.03.10,0,33,1740,919.2857142857143,8.0,4.142857142857143
2281,2020.03.11,0,48,2233,1198.142857142857,15.0,6.285714285714286
2281,2020.03.12,0,48,2233,1457.7142857142858,0.0,5.857142857142857
3661,2020.03.13,0,79,3582,1883.142857142857,31.0,10.0
4469,2020.03.14,1,91,4377,2376.714285714286,13.0,10.857142857142858
4499,2020.03.15,1,91,4407,2849.714285714286,0.0,10.428571428571429
6633,2020.03.16,1,148,6484,3579.4285714285716,57.0,17.714285714285715
7652,2020.03.17,2,148,7502,4402.571428571428,1.0,16.714285714285715
9043,2020.03.18,2,148,8893,5354.0,0.0,14.571428571428571
10871,2020.03.19,2,243,10626,6553.0,95.0,28.142857142857142
12612,2020.03.20,2,450,12160,7778.428571428572,207.0,53.285714285714285
14282,2020.03.21,7,562,13713,9112.142857142857,117.0,68.14285714285714
16533,2020.03.22,16,674,15843,10745.857142857143,121.0,85.42857142857143
19856,2020.03.23,16,860,18980,12531.0,186.0,103.85714285714286
22054,2020.03.24,21,1100,20933,14449.714285714286,245.0,138.71428571428572
24967,2020.03.25,21,1331,23615,16552.85714285714,231.0,171.71428571428572
28856,2020.03.26,28,1695,27133,18911.0,371.0,211.14285714285714
32609,2020.03.27,34,1994,30581,21542.571428571428,305.0,225.14285714285714
37162,2020.03.28,34,2311,34817,24557.428571428572,317.0,253.71428571428572
39761,2020.03.29,34,2603,37124,27597.571428571428,292.0,278.14285714285717
44029,2020.03.30,34,3020,40975,30739.714285714286,417.0,311.14285714285717
51579,2020.03.31,37,3517,48025,34610.0,500.0,347.57142857142856
56362,2020.04.01,40,4767,51555,38601.42857142857,1253.0,493.57142857142856
58404,2020.04.02,42,5376,52986,42294.71428571428,611.0,527.8571428571429
63588,2020.04.03,43,6496,57049,46075.857142857145,1121.0,644.4285714285714
46483,2020.04.04,58,7548,38877,46655.857142857145,1067.0,751.5714285714286
47299,2020.04.05,66,8066,39167,46947.71428571428,526.0,785.0
49934,2020.04.06,67,8899,40968,46946.71428571428,834.0,844.5714285714286
46400,2020.04.07,71,10315,36014,45230.857142857145,1420.0,976.0
50242,2020.04.08,94,10856,39292,43479.0,564.0,877.5714285714286
54003,2020.04.09,96,12196,41711,41868.28571428572,1342.0,982.0
55538,2020.04.10,112,13181,42245,39753.42857142857,1001.0,964.8571428571429
56972,2020.04.11,115,13816,43041,40348.28571428572,638.0,903.5714285714286
107712,2020.04.12,118,14377,93217,48069.71428571428,564.0,909.0
110836,2020.04.13,120,14950,95766,55898.0,575.0,872.0
128272,2020.04.14,122,15693,112457,66818.42857142857,745.0,775.5714285714286
131476,2020.04.15,192,17129,114155,77513.14285714286,1506.0,910.1428571428571
144035,2020.04.16,199,17882,125954,89547.85714285714,760.0,827.0
145896,2020.04.17,207,18642,127047,101662.42857142857,768.0,793.7142857142857
149683,2020.04.18,231,19283,130169,114109.28571428571,665.0,797.5714285714286
150752,2020.04.19,250,19668,130834,119483.14285714286,404.0,774.7142857142857
153197,2020.04.20,267,20214,132716,124761.71428571429,563.0,773.0
155821,2020.04.21,287,20736,134798,127953.28571428571,542.0,744.0
157603,2020.04.22,295,21280,136028,131078.0,552.0,607.7142857142857
155881,2020.04.23,390,21796,133695,132183.85714285713,611.0,586.4285714285714
158653,2020.04.24,458,22185,136010,133464.2857142857,457.0,542.0
160295,2020.04.25,458,22554,137283,134480.57142857142,369.0,499.7142857142857
160907,2020.04.26,485,22796,137626,135450.85714285713,269.0,480.42857142857144
164592,2020.04.27,498,23233,140861,136614.42857142858,450.0,464.2857142857143
167650,2020.04.28,516,23600,143534,137862.42857142858,385.0,441.85714285714283
166193,2020.04.29,536,24026,141631,138662.85714285713,446.0,426.7142857142857
167326,2020.04.30,581,24315,142430,139910.7142857143,334.0,387.14285714285717
167846,2020.05.01,609,24532,142705,140867.14285714287,245.0,356.85714285714283
168637,2020.05.02,625,24729,143283,141724.2857142857,213.0,334.57142857142856
168887,2020.05.03,629,24862,143396,142548.57142857142,137.0,315.7142857142857
169405,2020.05.04,630,25168,143607,142940.85714285713,307.0,295.2857142857143
170467,2020.05.05,709,25498,144260,143044.57142857142,409.0,298.7142857142857
174596,2020.05.06,759,25772,148065,143963.7142857143,324.0,281.2857142857143
175218,2020.05.07,801,25950,148467,144826.14285714287,220.0,265.0
175743,2020.05.08,865,26192,148686,145680.57142857142,306.0,273.7142857142857
176132,2020.05.09,904,26271,148957,146491.14285714287,118.0,260.14285714285717
176338,2020.05.10,933,26341,149064,147300.85714285713,99.0,254.71428571428572
176651,2020.05.11,958,26604,149089,148084.0,288.0,252.0
177330,2020.05.12,1007,26951,149372,148814.2857142857,396.0,250.14285714285714
177790,2020.05.13,1102,27034,149654,149041.2857142857,178.0,229.28571428571428
178353,2020.05.14,1169,27383,149801,149231.85714285713,416.0,257.2857142857143
178837,2020.05.15,1287,27485,150065,149428.85714285713,220.0,245.0
179140,2020.05.16,1371,27581,150188,149604.7142857143,180.0,253.85714285714286
179250,2020.05.17,1396,28064,149790,149708.42857142858,508.0,312.2857142857143
179650,2020.05.18,1400,28193,150057,149846.7142857143,133.0,290.14285714285717
180143,2020.05.19,1412,27976,150755,150044.2857142857,-205.0,204.28571428571428
180499,2020.05.20,1454,28085,150960,150230.85714285713,151.0,200.42857142857142
180752,2020.05.21,1509,28167,151076,150413.0,137.0,160.57142857142858
181444,2020.05.22,1587,28315,151542,150624.0,226.0,161.42857142857142
181969,2020.05.23,1655,28401,151913,150870.42857142858,154.0,157.71428571428572
181410,2020.05.24,1690,28319,151401,151100.57142857142,-47.0,78.42857142857143
181684,2020.05.25,1711,28408,151565,151316.0,110.0,75.14285714285714
181880,2020.05.26,1836,28545,151499,151422.2857142857,262.0,141.85714285714286
182018,2020.05.27,1856,28546,151616,151516.0,21.0,123.28571428571429
185300,2020.05.28,1996,28612,154692,152032.57142857142,206.0,133.14285714285714
185842,2020.05.29,2024,28663,155155,152548.7142857143,79.0,112.14285714285714
187608,2020.05.30,2142,28720,156746,153239.14285714287,175.0,115.14285714285714
187817,2020.05.31,2147,28751,156919,154027.42857142858,36.0,127.0
187986,2020.06.01,2156,28780,157050,154811.0,38.0,116.71428571428571
187265,2020.06.02,2160,28886,156219,155485.2857142857,110.0,95.0
184015,2020.06.03,2190,28967,152858,155662.7142857143,111.0,107.85714285714286
188286,2020.06.04,2205,29011,157070,156002.42857142858,59.0,86.85714285714286
188808,2020.06.05,2245,29056,157507,156338.42857142858,85.0,87.71428571428571
189330,2020.06.06,2279,29087,157964,156512.42857142858,65.0,72.0
189621,2020.06.07,2279,29100,158242,156701.42857142858,13.0,68.71428571428571
189782,2020.06.08,2284,29154,158344,156886.2857142857,59.0,71.71428571428571
190266,2020.06.09,2324,29239,158703,157241.14285714287,125.0,73.85714285714286
190743,2020.06.10,2355,29260,159128,158136.85714285713,52.0,65.42857142857143
191040,2020.06.11,2391,29287,159362,158464.2857142857,63.0,66.0
191679,2020.06.12,2447,29315,159917,158808.57142857142,84.0,65.85714285714286
192043,2020.06.13,2476,29339,160228,159132.0,53.0,64.14285714285714
192317,2020.06.14,2482,29347,160488,159452.85714285713,14.0,64.28571428571429
192369,2020.06.15,2485,29375,160509,159762.14285714287,31.0,60.285714285714285
192915,2020.06.16,2516,29487,160912,160077.7142857143,143.0,62.857142857142854
193256,2020.06.17,2547,29512,161197,160373.2857142857,56.0,63.42857142857143
193576,2020.06.18,2564,29540,161472,160674.7142857143,45.0,60.857142857142854
194121,2020.06.19,2581,29554,161986,160970.2857142857,31.0,53.285714285714285
194535,2020.06.20,2585,29570,162380,161277.7142857143,20.0,48.57142857142857
194599,2020.06.21,2589,29575,162435,161555.85714285713,9.0,47.857142857142854
194693,2020.06.22,2590,29597,162506,161841.14285714287,23.0,46.714285714285715
195256,2020.06.23,2600,29651,163005,162140.14285714287,64.0,35.42857142857143
195256,2020.06.24,2618,29662,162976,162394.2857142857,29.0,31.571428571428573
195256,2020.06.25,2640,29679,162937,162603.57142857142,39.0,30.714285714285715
196267,2020.06.26,2663,29704,163900,162877.0,48.0,33.142857142857146
196521,2020.06.27,2681,29704,164136,163127.85714285713,18.0,32.857142857142854
196111,2020.06.28,2685,29704,163722,163311.7142857143,4.0,32.142857142857146
196390,2020.06.29,2685,29736,163969,163520.7142857143,32.0,33.42857142857143
196554,2020.06.30,2692,29763,164099,163677.0,34.0,29.142857142857142
197238,2020.07.01,2714,29781,164743,163929.42857142858,40.0,30.714285714285715
197591,2020.07.02,2721,29794,165076,164235.0,20.0,28.0
197994,2020.07.03,2752,29812,165430,164453.57142857142,49.0,28.142857142857142
197994,2020.07.04,2784,29812,165398,164633.85714285713,32.0,30.142857142857142
197994,2020.07.05,2811,29812,165371,164869.42857142858,27.0,33.42857142857143
198850,2020.07.06,2860,29838,166152,165181.2857142857,75.0,39.57142857142857
199170,2020.07.07,2874,29847,166449,165517.0,23.0,38.0
199699,2020.07.08,2885,29877,166937,165830.42857142858,41.0,38.142857142857146
200027,2020.07.09,2887,29890,167250,166141.0,15.0,37.42857142857143
200569,2020.07.10,2941,29914,167714,166467.2857142857,78.0,41.57142857142857
200569,2020.07.11,2974,29914,167681,166793.42857142858,33.0,41.714285714285715
200569,2020.07.12,3036,29914,167619,167114.57142857142,62.0,46.714285714285715
201755,2020.07.13,3073,29934,168748,167485.42857142858,57.0,44.142857142857146
201755,2020.07.14,3106,29934,168715,167809.14285714287,33.0,45.57142857142857
202383,2020.07.15,3126,30020,169237,168137.7142857143,106.0,54.857142857142854
202819,2020.07.16,3156,30036,169627,168477.2857142857,46.0,59.285714285714285
203516,2020.07.17,3220,30049,170247,168839.14285714287,77.0,59.142857142857146
203516,2020.07.18,3222,30049,170245,169205.42857142858,2.0,54.714285714285715
203516,2020.07.19,3223,30049,170244,169580.42857142858,1.0,46.0
205308,2020.07.20,3232,30071,172005,170045.7142857143,31.0,42.285714285714285
205773,2020.07.21,3257,30057,172459,170580.57142857142,11.0,39.142857142857146
206641,2020.07.22,3283,30063,173295,171160.2857142857,32.0,28.571428571428573
207650,2020.07.23,3300,30073,174277,171824.57142857142,27.0,25.857142857142858
208553,2020.07.24,3312,30082,175159,172526.2857142857,21.0,17.857142857142858
208553,2020.07.25,3324,30082,175147,173226.57142857142,12.0,19.285714285714285
208553,2020.07.26,3329,30082,175142,173926.2857142857,5.0,19.857142857142858
210821,2020.07.27,3329,30098,177394,174696.14285714287,16.0,17.714285714285715
211337,2020.07.28,3331,30110,177896,175472.85714285713,14.0,18.142857142857142
212676,2020.07.29,3339,30123,179214,176318.42857142858,21.0,16.571428571428573
213927,2020.07.30,3346,30139,180442,177199.14285714287,23.0,16.0
215135,2020.07.31,3353,30150,181632,178123.85714285713,18.0,15.571428571428571
215135,2020.08.01,3364,30150,181621,179048.7142857143,11.0,15.428571428571429
215135,2020.08.02,3389,30150,181596,179970.7142857143,25.0,18.285714285714285
218351,2020.08.03,3413,30179,184759,181022.85714285713,53.0,23.571428571428573
219253,2020.08.04,3415,30180,185658,182131.7142857143,3.0,22.0
220874,2020.08.05,3431,30188,187255,183280.42857142858,24.0,22.428571428571427
222398,2020.08.06,3463,30192,188743,184466.2857142857,36.0,24.285714285714285
224602,2020.08.07,3464,30204,190934,185795.14285714287,13.0,23.571428571428573
224602,2020.08.08,3491,30204,190907,187121.7142857143,27.0,25.857142857142858
224602,2020.08.09,3499,30204,190899,188450.7142857143,8.0,23.428571428571427
229203,2020.08.10,3525,30218,195460,189979.42857142858,40.0,21.571428571428573
230540,2020.08.11,3527,30231,196782,191568.57142857142,15.0,23.285714285714285
232966,2020.08.12,3529,30248,199189,193273.42857142858,19.0,22.571428571428573
235540,2020.08.13,3561,30264,201715,195126.57142857142,48.0,24.285714285714285
238240,2020.08.14,3590,30281,204369,197045.85714285713,46.0,29.0
241371,2020.08.15,3606,30282,207483,199413.85714285713,17.0,27.571428571428573
244335,2020.08.16,3623,30283,210429,202203.85714285713,18.0,29.0
244761,2020.08.17,3630,30302,210829,204399.42857142858,26.0,27.0
246821,2020.08.18,3631,30323,212867,206697.2857142857,22.0,28.0
250539,2020.08.19,3665,30340,216534,209175.14285714287,51.0,32.57142857142857
255214,2020.08.20,3678,30351,221185,211956.57142857142,24.0,29.142857142857142
259717,2020.08.21,3681,30374,225662,214998.42857142858,26.0,26.285714285714285
263129,2020.08.22,3692,30382,229055,218080.14285714287,19.0,26.571428571428573
267589,2020.08.23,3695,30382,233512,221377.7142857143,3.0,24.428571428571427
269452,2020.08.24,3695,30397,235360,224882.14285714287,15.0,22.857142857142858
272643,2020.08.25,3716,30416,238511,228545.57142857142,40.0,25.428571428571427
272643,2020.08.26,3734,30416,238493,231682.57142857142,18.0,20.714285714285715
283698,2020.08.27,3757,30448,249493,235726.57142857142,55.0,25.142857142857142
290929,2020.08.28,3759,30465,256705,240161.2857142857,19.0,24.142857142857142
296265,2020.08.29,3759,30471,262035,244872.7142857143,6.0,22.285714285714285
301554,2020.08.30,3759,30474,267321,249702.57142857142,3.0,22.285714285714285
304349,2020.08.31,3761,30501,270087,254663.57142857142,29.0,24.285714285714285
309247,2020.09.01,3821,30525,274901,259862.14285714287,84.0,30.571428571428573
316047,2020.09.02,3903,30547,281597,266019.85714285716,104.0,42.857142857142854
322935,2020.09.03,3930,30564,288441,271583.85714285716,44.0,41.285714285714285
331578,2020.09.04,3944,30542,297092,277353.4285714286,-8.0,37.42857142857143
340013,2020.09.05,3952,30553,305508,283563.85714285716,19.0,39.285714285714285
346921,2020.09.06,3958,30555,312408,290004.85714285716,8.0,40.0
351017,2020.09.07,3961,30578,316478,296632.14285714284,26.0,39.57142857142857
357473,2020.09.08,3972,30616,322885,303487.0,49.0,34.57142857142857
365025,2020.09.09,3984,30643,330398,310458.5714285714,39.0,25.285714285714285
374586,2020.09.10,3990,30661,339935,317814.85714285716,24.0,22.428571428571427
383854,2020.09.11,4014,30740,349100,325244.5714285714,103.0,38.285714285714285
394270,2020.09.12,4058,30757,359455,332951.28571428574,61.0,44.285714285714285
400533,2020.09.13,4069,30761,365703,340564.85714285716,15.0,45.285714285714285
406609,2020.09.14,4117,30795,371697,348453.28571428574,82.0,53.285714285714285
414196,2020.09.15,4130,30844,379222,356501.4285714286,62.0,55.142857142857146
423924,2020.09.16,4153,30889,388882,364856.28571428574,68.0,59.285714285714285
433871,2020.09.17,4227,30936,398708,373252.4285714286,121.0,73.14285714285714
446961,2020.09.18,4240,31090,411631,382185.4285714286,167.0,82.28571428571429
460328,2020.09.19,4382,31115,424831,391524.85714285716,167.0,97.42857142857143
470864,2020.09.20,4391,31126,435347,401474.0,20.0,98.14285714285714
476162,2020.09.21,4401,31179,440582,411314.71428571426,63.0,95.42857142857143
485929,2020.09.22,4559,31256,450114,421442.14285714284,235.0,120.14285714285714
497914,2020.09.23,4644,31283,461987,431885.71428571426,112.0,126.42857142857143
513732,2020.09.24,4818,31333,477581,443153.28571428574,224.0,141.14285714285714
529501,2020.09.25,4945,31483,493073,454787.85714285716,277.0,156.85714285714286
543688,2020.09.26,5099,31522,507067,466535.85714285716,193.0,160.57142857142858
554304,2020.09.27,5141,31549,517614,478288.28571428574,69.0,167.57142857142858
558374,2020.09.28,5152,31630,521592,489861.14285714284,92.0,171.71428571428572
566196,2020.09.29,5173,31701,529322,501176.5714285714,92.0,151.28571428571428
578769,2020.09.30,5890,31761,541118,512481.0,777.0,246.28571428571428
591783,2020.10.01,6118,31817,553848,523376.28571428574,284.0,254.85714285714286
603920,2020.10.02,6349,31952,565619,533740.0,366.0,267.57142857142856
620330,2020.10.03,6824,31977,581529,544377.4285714285,500.0,311.42857142857144
632834,2020.10.04,7470,32009,593355,555197.5714285715,678.0,398.42857142857144
637918,2020.10.05,8165,32078,597675,566066.5714285715,764.0,494.42857142857144
648116,2020.10.06,8723,32143,607250,577199.1428571428,623.0,570.2857142857143
666849,2020.10.07,9149,32222,625478,589250.5714285715,505.0,531.4285714285714
684164,2020.10.08,9187,32295,642682,601941.1428571428,111.0,506.7142857142857
704478,2020.10.09,9202,32404,662872,615834.4285714285,124.0,472.14285714285717
731155,2020.10.10,9683,32439,689033,631192.1428571428,516.0,474.42857142857144
747092,2020.10.11,10848,32485,703759,646964.1428571428,1211.0,550.5714285714286
755597,2020.10.12,11037,32580,711980,663293.4285714285,284.0,482.0
768380,2020.10.13,11753,32687,723940,679963.4285714285,823.0,510.57142857142856
790959,2020.10.14,12164,32791,746004,697181.4285714285,515.0,512.0
820685,2020.10.15,12628,32876,775181,716109.8571428572,549.0,574.5714285714286
845740,2020.10.16,13134,33054,799552,735635.5714285715,684.0,654.5714285714286
877840,2020.10.17,13580,33127,831133,755935.5714285715,519.0,655.0
907677,2020.10.18,14088,33212,860377,778309.5714285715,593.0,566.7142857142857
920916,2020.10.19,14312,33358,873246,801347.5714285715,370.0,579.0
941085,2020.10.20,14637,33620,892828,825474.4285714285,587.0,545.2857142857143
967717,2020.10.21,14905,33782,919030,850192.4285714285,430.0,533.1428571428571
1008483,2020.10.22,15254,33936,959293,876494.1428571428,503.0,526.5714285714286
1050468,2020.10.23,15655,34234,1000579,905212.2857142857,699.0,528.7142857142857
1095708,2020.10.24,16007,34370,1045331,935812.0,488.0,524.2857142857143
1102262,2020.10.25,16242,34349,1051671,963139.7142857143,214.0,470.14285714285717
1174279,2020.10.26,16491,34732,1123056,998826.8571428572,632.0,507.57142857142856
1207430,2020.10.27,16646,35253,1155531,1036355.8571428572,676.0,520.2857142857143
1243855,2020.10.28,17098,35496,1191261,1075246.0,695.0,558.1428571428571
1290446,2020.10.29,17469,35728,1237249,1114954.0,603.0,572.4285714285714
1339640,2020.10.30,17953,36273,1285414,1155644.7142857143,1029.0,619.5714285714286
1374691,2020.10.31,19032,36495,1319164,1194763.7142857143,1301.0,735.7142857142857
1420870,2020.11.01,20078,36726,1364066,1239391.5714285714,1277.0,887.5714285714286
1525184,2020.11.02,20476,37142,1467566,1288607.2857142857,814.0,913.5714285714286
1597139,2020.11.03,20856,38414,1537869,1343227.0,1652.0,1053.0
1549838,2020.11.04,21232,38376,1490230,1385936.857142857,338.0,1002.0
1607147,2020.11.05,22823,38730,1545594,1429986.142857143,1945.0,1193.7142857142858
1667604,2020.11.06,23213,39558,1604833,1475617.4285714286,1218.0,1220.7142857142858
1754202,2020.11.07,24847,39861,1689494,1528521.7142857143,1937.0,1311.5714285714287
1792764,2020.11.08,25070,40131,1727563,1580449.857142857,493.0,1199.5714285714287
1812919,2020.11.09,26161,40679,1746079,1620237.4285714286,1639.0,1317.4285714285713
1834515,2020.11.10,27585,41897,1765033,1652689.4285714286,2642.0,1458.857142857143
1870380,2020.11.11,28808,42225,1799347,1696849.0,1551.0,1632.142857142857
1902644,2020.11.12,29302,42640,1830702,1737578.7142857143,909.0,1484.142857142857
1926314,2020.11.13,29802,43572,1852940,1773022.5714285714,1432.0,1514.7142857142858
1958235,2020.11.14,31126,43925,1883184,1800692.5714285714,1677.0,1477.5714285714287
1985427,2020.11.15,31599,44227,1909601,1826698.0,775.0,1517.857142857143
1994728,2020.11.16,34010,44733,1915985,1850970.2857142857,2917.0,1700.4285714285713
2039938,2020.11.17,34185,45950,1959803,1878794.5714285714,1392.0,1521.857142857143
2068297,2020.11.18,34846,46375,1987076,1905613.0,1086.0,1455.4285714285713
2088784,2020.11.19,36345,46792,2005647,1930605.142857143,1916.0,1599.2857142857142
2111646,2020.11.20,38074,47930,2025642,1955276.857142857,2867.0,1804.2857142857142
2129287,2020.11.21,40820,48182,2040285,1977719.857142857,2998.0,1993.0
2142417,2020.11.22,42915,48396,2051106,1997934.857142857,2309.0,2212.1428571428573
2146869,2020.11.23,43339,48896,2054634,2017741.857142857,924.0,1927.4285714285713
2155722,2020.11.24,44020,49900,2061802,2032313.142857143,1685.0,1969.2857142857142
2171967,2020.11.25,44020,50281,2077666,2045254.5714285714,381.0,1868.5714285714287
2184846,2020.11.26,49616,50610,2084620,2056536.4285714286,5925.0,2441.285714285714
2197283,2020.11.27,52126,51567,2093590,2066243.2857142857,3467.0,2527.0
2209739,2020.11.28,54021,51779,2103939,2075336.7142857143,2107.0,2399.714285714286
2219502,2020.11.29,55637,51977,2111888,2084019.857142857,1814.0,2329.0
2223393,2020.11.30,63860,52383,2107150,2091522.142857143,8629.0,3429.714285714286
2231344,2020.12.01,64802,53158,2113384,2098891.0,1717.0,3434.285714285714
2245324,2020.12.02,65888,53468,2125968,2105791.285714286,1396.0,3579.285714285714
2257894,2020.12.03,67033,53791,2137070,2113284.1428571427,1468.0,2942.5714285714284
2269080,2020.12.04,68525,54418,2146137,2120790.8571428573,2119.0,2750.0
2281889,2020.12.05,70396,54630,2156863,2128351.4285714286,2083.0,2746.5714285714284
2292838,2020.12.06,71682,54804,2166352,2136132.0,1460.0,2696.0
2296249,2020.12.07,74283,55170,2166796,2144652.8571428573,2967.0,1887.142857142857
2309760,2020.12.08,75281,56001,2178478,2153952.0,1829.0,1903.142857142857
2324300,2020.12.09,76270,56294,2191736,2163347.4285714286,1282.0,1886.857142857143
2337594,2020.12.10,77362,56584,2203648,2172858.5714285714,1382.0,1874.5714285714287
2350923,2020.12.11,78700,57211,2215012,2182697.8571428573,1965.0,1852.5714285714287
2364740,2020.12.12,79769,57404,2227567,2192798.4285714286,1262.0,1735.2857142857142
2376228,2020.12.13,80752,57554,2237922,2203022.714285714,1133.0,1688.5714285714287
2379291,2020.12.14,82546,57925,2238820,2213311.8571428573,2165.0,1574.0
2390419,2020.12.15,83115,58712,2248592,2223328.1428571427,1356.0,1506.4285714285713
2407983,2020.12.16,83940,59001,2265042,2233800.4285714286,1114.0,1482.4285714285713
2426063,2020.12.17,86954,59259,2279850,2244686.4285714286,3272.0,1752.4285714285713
2441737,2020.12.18,89814,59869,2292054,2255692.4285714286,3470.0,1967.4285714285713
2458839,2020.12.19,93323,60056,2305460,2266820.0,3696.0,2315.1428571428573
2471458,2020.12.20,97443,60186,2313829,2277663.8571428573,4250.0,2760.4285714285716
2477255,2020.12.21,102962,60537,2313756,2288369.0,5870.0,3289.714285714286
2488889,2020.12.22,108676,61339,2318874,2298409.285714286,6516.0,4026.8571428571427
2503693,2020.12.23,114631,61614,2327448,2307324.4285714286,6230.0,4757.714285714285
2525234,2020.12.24,120529,61904,2342801,2316317.4285714286,6188.0,5174.285714285715
2545358,2020.12.25,123989,62063,2359306,2325924.8571428573,3619.0,5195.571428571428
2548388,2020.12.26,126482,62209,2359697,2333673.0,2639.0,5044.571428571428
2556621,2020.12.27,130420,62382,2363819,2340814.4285714286,4111.0,5024.714285714285
2559575,2020.12.28,134344,62745,2362486,2347775.8571428573,4287.0,4798.571428571428
2570767,2020.12.29,138365,63713,2368689,2354892.285714286,4989.0,4580.428571428572
2597124,2020.12.30,144234,64016,2388874,2363667.4285714286,6172.0,4572.142857142857
2616902,2020.12.31,150102,64267,2402533,2372200.5714285714,6119.0,4562.285714285715
2636045,2021.01.01,157063,64399,2414583,2380097.285714286,7093.0,5058.571428571428
2639404,2021.01.02,164403,64555,2410446,2387347.1428571427,7496.0,5752.428571428572
2651893,2021.01.03,168381,64671,2418841,2395207.4285714286,4094.0,5750.0
2655915,2021.01.04,174070,65049,2416796,2402966.0,6067.0,6004.285714285715
2676195,2021.01.05,176576,65915,2433704,2412253.8571428573,3372.0,5773.285714285715
2701215,2021.01.06,179541,66197,2455477,2421768.5714285714,3247.0,5355.428571428572
2722728,2021.01.07,179541,66472,2476715,2432366.0,275.0,4520.571428571428
2742349,2021.01.08,186449,67062,2488838,2442973.8571428573,7498.0,4578.428571428572
2762120,2021.01.09,193172,67229,2501719,2456012.8571428573,6890.0,4491.857142857143
2777921,2021.01.10,197936,67380,2512605,2469407.714285714,4915.0,4609.142857142857
2781503,2021.01.11,203972,67690,2509841,2482699.8571428573,6346.0,4649.0
2800770,2021.01.12,209852,68431,2522487,2495383.1428571427,6621.0,5113.142857142857
2824473,2021.01.13,215453,68660,2540360,2507509.285714286,5830.0,5482.142857142857
2845701,2021.01.14,220304,68942,2556455,2518900.714285714,5133.0,6176.142857142857
2866413,2021.01.15,225021,69576,2571816,2530754.714285714,5351.0,5869.428571428572
2887532,2021.01.16,227325,69766,2590441,2543429.285714286,2494.0,5241.428571428572
2903975,2021.01.17,228615,69906,2605454,2556693.4285714286,1430.0,4743.571428571428
2907711,2021.01.18,230441,70309,2606961,2570567.714285714,2229.0,4155.428571428572
2931050,2021.01.19,231915,70963,2628172,2585665.5714285714,2128.0,3513.5714285714284
2957547,2021.01.20,233232,71273,2653042,2601763.0,1627.0,2913.1428571428573
2979915,2021.01.21,235276,71619,2673020,2618415.1428571427,2390.0,2521.285714285714
3002910,2021.01.22,237362,72268,2693280,2635767.1428571427,2735.0,2147.5714285714284
3026320,2021.01.23,239880,72497,2713943,2653410.285714286,2747.0,2183.714285714286
3044358,2021.01.24,241472,72668,2730218,2671233.714285714,1763.0,2231.285714285714
3048598,2021.01.25,243092,73113,2732393,2689152.5714285714,2065.0,2207.8571428571427
3070458,2021.01.26,244681,73725,2752052,2706849.714285714,2201.0,2218.285714285714
3097374,2021.01.27,246596,74075,2776703,2724515.5714285714,2265.0,2309.4285714285716
3120634,2021.01.28,249003,74418,2797213,2742257.4285714286,2750.0,2360.8571428571427
3143417,2021.01.29,254783,75238,2813396,2759416.8571428573,6600.0,2913.0
3167274,2021.01.30,259555,75478,2832241,2776316.5714285714,5012.0,3236.5714285714284
3186354,2021.01.31,262968,75673,2847713,2793101.5714285714,3608.0,3500.1428571428573
3190701,2021.02.01,264260,76128,2850313,2809947.285714286,1747.0,3454.714285714286
3213360,2021.02.02,268803,76852,2867705,2826469.1428571427,5267.0,3892.714285714286
3239256,2021.02.03,272284,77209,2889763,2842620.5714285714,3838.0,4117.428571428572
3238798,2021.02.04,274308,77205,2887285,2855488.0,2020.0,4013.1428571428573
3284085,2021.02.05,275764,78211,2930110,2872161.4285714286,2462.0,3422.0
3303273,2021.02.06,277949,78401,2946923,2888544.5714285714,2375.0,3045.285714285714
3322988,2021.02.07,279763,78572,2964653,2905250.285714286,1985.0,2813.4285714285716
3327305,2021.02.08,281839,79030,2966436,2921839.285714286,2534.0,2925.8571428571427
3345558,2021.02.09,283282,79752,2982524,2938242.0,2165.0,2482.714285714286
3370645,2021.02.10,285022,80045,3005578,2954787.0,2033.0,2224.8571428571427
3390952,2021.02.11,287134,80404,3023414,2974234.0,2471.0,2289.285714285714
3410996,2021.02.12,289520,81046,3040430,2989994.0,3028.0,2370.1428571428573
3431805,2021.02.13,293542,81244,3057019,3005722.0,4220.0,2633.714285714286
3447518,2021.02.14,296173,81405,3069940,3020763.0,2792.0,2749.0
3451894,2021.02.15,298008,81817,3072069,3035853.4285714286,2247.0,2708.0
3471268,2021.02.16,298773,82399,3090096,3051220.8571428573,1347.0,2591.1428571428573
3495775,2021.02.17,299989,82705,3113081,3066578.4285714286,1522.0,2518.1428571428573
3517177,2021.02.18,301363,82975,3132839,3082210.5714285714,1644.0,2400.0
3541282,2021.02.19,302689,83542,3155051,3098585.0,1893.0,2237.8571428571427
3562707,2021.02.20,304680,83693,3174334,3115344.285714286,2142.0,1941.0
3584326,2021.02.21,306621,83852,3193853,3133046.1428571427,2100.0,1842.142857142857
3588972,2021.02.22,308650,84185,3196137,3150770.1428571427,2362.0,1858.5714285714287
3608271,2021.02.23,310848,84610,3212813,3168301.1428571427,2623.0,2040.857142857143
3639501,2021.02.24,313450,84884,3241167,3186599.1428571427,2876.0,2234.285714285714
3664050,2021.02.25,315781,85141,3263128,3205211.8571428573,2588.0,2369.1428571428573
3689034,2021.02.26,317899,85676,3285459,3223841.5714285714,2653.0,2477.714285714286
3712474,2021.02.27,319691,85858,3306925,3242783.1428571427,1974.0,2453.714285714286
3732426,2021.02.28,321128,85980,3325318,3261563.8571428573,1559.0,2376.4285714285716
3736390,2021.03.01,322956,86347,3327087,3280271.0,2195.0,2352.5714285714284
3759247,2021.03.02,324202,86764,3348281,3299623.5714285714,1663.0,2215.4285714285716
3785326,2021.03.03,326215,87079,3372032,3318318.5714285714,2328.0,2137.1428571428573
3810605,2021.03.04,328136,87372,3395097,3337171.285714286,2214.0,2083.714285714286
3833572,2021.03.05,331557,87796,3414219,3355565.5714285714,3845.0,2254.0
3856182,2021.03.06,333045,87958,3435179,3373887.5714285714,1650.0,2207.714285714286
3878007,2021.03.07,335512,88088,3454407,3392328.8571428573,2597.0,2356.0
3883334,2021.03.08,336744,88447,3458143,3411051.1428571427,1591.0,2269.714285714286
3906363,2021.03.09,338946,88811,3478606,3429669.0,2566.0,2398.714285714286
3935990,2021.03.10,340844,89063,3506083,3448819.1428571427,2150.0,2373.285714285714
3963156,2021.03.11,344267,89328,3529561,3468028.285714286,3688.0,2583.8571428571427
3988194,2021.03.12,346904,89551,3551739,3487674.0,2860.0,2443.1428571428573
4017844,2021.03.13,349530,89720,3578594,3508161.8571428573,2795.0,2606.714285714286
4043769,2021.03.14,351891,89927,3601951,3529239.5714285714,2568.0,2602.5714285714284
4050010,2021.03.15,354817,90260,3604933,3550209.5714285714,3259.0,2840.8571428571427
4080012,2021.03.16,356679,90660,3632673,3572219.1428571427,2262.0,2797.4285714285716
4117650,2021.03.17,359061,90731,3667858,3595329.8571428573,2453.0,2840.714285714286
4152604,2021.03.18,360895,91148,3700561,3619758.4285714286,2251.0,2635.4285714285716
4187630,2021.03.19,364808,91433,3731389,3645422.714285714,4198.0,2826.5714285714284
4222935,2021.03.20,366774,91600,3764561,3671989.4285714286,2133.0,2732.0
4252919,2021.03.21,369998,91737,3791184,3699022.714285714,3361.0,2845.285714285714
4268711,2021.03.22,373666,92080,3802965,3727313.0,4011.0,2952.714285714286
4283389,2021.03.23,378176,92367,3812846,3753052.0,4797.0,3314.8571428571427
4347614,2021.03.24,381807,92594,3873213,3782388.4285714286,3858.0,3515.5714285714284
4393255,2021.03.25,387570,92819,3912866,3812717.714285714,5988.0,4049.4285714285716
4434884,2021.03.26,392314,93714,3948856,3843784.4285714286,5639.0,4255.285714285715
4477503,2021.03.27,393999,93904,3989600,3875932.8571428573,1875.0,4218.428571428572
4513685,2021.03.28,395790,94028,4023867,3909173.285714286,1915.0,4011.8571428571427
4522779,2021.03.29,399961,94388,4028430,3941382.5714285714,4531.0,4086.1428571428573
4553481,2021.03.30,402964,94769,4055748,3976082.8571428573,3384.0,3884.285714285714
4611392,2021.03.31,406935,95052,4109405,4009824.5714285714,4254.0,3940.8571428571427
4661841,2021.04.01,410565,95356,4155920,4044546.5714285714,3934.0,3647.4285714285716
4708648,2021.04.02,413370,95683,4199595,4080366.4285714286,3132.0,3289.285714285714
4707488,2021.04.03,415601,95677,4196210,4109882.1428571427,2225.0,3339.285714285714
4788117,2021.04.04,416972,96046,4275099,4145772.4285714286,1740.0,3314.285714285714
4799078,2021.04.05,418084,96243,4284751,4182389.714285714,1309.0,2854.0
4807123,2021.04.06,418568,96672,4291883,4216123.285714285,913.0,2501.0
4807123,2021.04.07,419152,96672,4291299,4242108.142857143,584.0,1976.7142857142858
4903965,2021.04.08,419765,97422,4386778,4275087.857142857,1363.0,1609.4285714285713
4903965,2021.04.09,420275,97422,4386268,4301755.428571428,510.0,1234.857142857143
4903965,2021.04.10,423366,97422,4383177,4328465.0,3091.0,1358.5714285714287
5021865,2021.04.11,426394,98118,4497353,4360215.571428572,3724.0,1642.0
5030401,2021.04.12,429074,98503,4502824,4391368.857142857,3065.0,1892.857142857143
5068534,2021.04.13,431124,98836,4538574,4426610.428571428,2383.0,2102.8571428571427
5111882,2021.04.14,435344,99133,4577405,4467482.714285715,4517.0,2664.714285714286
5149776,2021.04.15,440498,99427,4609851,4499350.285714285,5448.0,3248.285714285714
5186109,2021.04.16,445920,99758,4640431,4535659.285714285,5753.0,3997.285714285714
5221888,2021.04.17,450791,99947,4671150,4576798.285714285,5060.0,4278.571428571428
5249622,2021.04.18,455029,100075,4694518,4604964.714285715,4366.0,4370.285714285715
5256318,2021.04.19,458212,100522,4697584,4632787.571428572,3630.0,4451.0
5300321,2021.04.20,461181,100895,4738245,4661312.0,3342.0,4588.0
5334144,2021.04.21,464750,101221,4768173,4688564.571428572,3895.0,4499.142857142857
5367544,2021.04.22,469592,101498,4796454,4715222.142857143,5119.0,4452.142857142857
5399600,2021.04.23,474147,101830,4823623,4741392.428571428,4887.0,4328.428571428572
5432085,2021.04.24,478323,102046,4851716,4767187.571428572,4392.0,4233.0
5456417,2021.04.25,482207,102190,4872020,4792545.0,4028.0,4184.714285714285
5460793,2021.04.26,486435,102567,4871791,4817431.714285715,4605.0,4324.0
5490025,2021.04.27,491620,102907,4895498,4839896.428571428,5525.0,4635.857142857143
5521227,2021.04.28,497084,103219,4920924,4861718.0,5776.0,4904.571428571428
5547670,2021.04.29,503697,103525,4940448,4882288.571428572,6919.0,5161.714285714285
5571804,2021.04.30,510379,103815,4957610,4901429.571428572,6972.0,5459.571428571428
5597295,2021.05.01,517026,104007,4976262,4919221.857142857,6839.0,5809.142857142857
5605532,2021.05.02,523510,104093,4977929,4934351.714285715,6570.0,6172.285714285715
5609292,2021.05.03,528201,104404,4976687,4949336.857142857,5002.0,6229.0
5633509,2021.05.04,532990,104658,4995861,4963674.428571428,5043.0,6160.142857142857
5658254,2021.05.05,538965,104900,5014389,4977026.571428572,6217.0,6223.142857142857
5679730,2021.05.06,546246,105119,5028365,4989586.142857143,7500.0,6306.142857142857
5698706,2021.05.07,553836,105370,5039500,5001284.714285715,7841.0,6430.285714285715
5718165,2021.05.08,561119,105530,5051516,5012035.285714285,7443.0,6516.571428571428
5727293,2021.05.09,568329,105645,5053319,5022805.285714285,7325.0,6624.428571428572
5730585,2021.05.10,575610,105937,5049038,5033141.142857143,7573.0,6991.714285714285
5750098,2021.05.11,583802,106186,5060110,5042319.571428572,8441.0,7477.142857142857
5770128,2021.05.12,592440,106350,5071338,5050455.142857143,8802.0,7846.428571428572
5789589,2021.05.13,600461,106481,5082647,5058209.714285715,8152.0,7939.571428571428
5796058,2021.05.14,608891,106652,5080515,5064069.0,8601.0,8048.142857142857
5811711,2021.05.15,618608,106764,5086339,5069043.714285715,9829.0,8389.0
5825659,2021.05.16,625088,106845,5093726,5074816.142857143,6561.0,8279.857142857143
5829009,2021.05.17,630976,107041,5090992,5080809.571428572,6084.0,8067.142857142857
5845010,2021.05.18,640964,107256,5096790,5086049.571428572,10203.0,8318.857142857143
5863138,2021.05.19,648513,107390,5107235,5091177.714285715,7683.0,8159.0
5514022,2021.05.20,655959,107522,4750541,5043734.0,7578.0,8077.0
5526555,2021.05.21,661564,107645,4757346,4997567.0,5728.0,7666.571428571428
5538938,2021.05.22,665552,107732,4765654,4951754.857142857,4075.0,6844.571428571428
5547914,2021.05.23,668820,107789,4771305,4905694.714285715,3325.0,6382.285714285715
5550143,2021.05.24,670205,107851,4772087,4860136.857142857,1447.0,5719.857142857143
5552977,2021.05.25,671392,108071,4773514,4813954.571428572,1407.0,4463.285714285715
5564217,2021.05.26,675082,108201,4780934,4767340.142857143,3820.0,3911.4285714285716
5578150,2021.05.27,682301,108343,4787506,4772620.857142857,7361.0,3880.4285714285716
5588981,2021.05.28,689166,108466,4791349,4777478.428571428,6988.0,4060.4285714285716
5600353,2021.05.29,692248,108532,4799573,4782324.0,3148.0,3928.0
5608347,2021.05.30,696029,108574,4803744,4786958.142857143,3823.0,3999.1428571428573
5609558,2021.05.31,700236,108700,4800622,4791034.571428572,4333.0,4411.428571428572
5619133,2021.06.01,703352,108834,4806947,4795810.714285715,3250.0,4674.714285714285
5619133,2021.06.02,705378,108834,4804921,4799237.428571428,2026.0,4418.428571428572
5634526,2021.06.03,708198,108982,4817346,4803500.285714285,2968.0,3790.8571428571427
5641296,2021.06.04,711105,109069,4821122,4807753.571428572,2994.0,3220.285714285714
5647950,2021.06.05,714329,109126,4824495,4811313.857142857,3281.0,3239.285714285714
5652705,2021.06.06,716163,109144,4827398,4814693.0,1852.0,2957.714285714286
5653678,2021.06.07,717254,109208,4827216,4818492.142857143,1155.0,2503.714285714286
5659478,2021.06.08,718577,109278,4831623,4822017.285714285,1393.0,2238.4285714285716
5663717,2021.06.09,720400,109331,4833986,4826169.428571428,1876.0,2217.0
5667993,2021.06.10,722296,109398,4836299,4828877.0,1963.0,2073.4285714285716
5671864,2021.06.11,724614,109472,4837778,4831256.428571428,2392.0,1987.4285714285713
5675604,2021.06.12,724614,109503,4841487,4833683.857142857,31.0,1523.142857142857
5678209,2021.06.13,724614,109509,4844086,4836067.857142857,6.0,1259.4285714285713
5678893,2021.06.14,730588,109572,4838733,4837713.142857143,6037.0,1956.857142857143
5681846,2021.06.15,731626,109645,4840575,4838992.0,1111.0,1916.5714285714287
5683536,2021.06.16,732901,109685,4840950,4839986.857142857,1315.0,1836.4285714285713
5685387,2021.06.17,733907,109741,4841739,4840764.0,1062.0,1707.7142857142858
5688557,2021.06.18,734627,109808,4844122,4841670.285714285,787.0,1478.4285714285713
5691181,2021.06.19,734627,109830,4846724,4842418.428571428,22.0,1477.142857142857
5692996,2021.06.20,734627,109844,4848525,4843052.571428572,14.0,1478.2857142857142
5692968,2021.06.21,735574,109878,4847516,4844307.285714285,981.0,756.0
5694975,2021.06.22,735937,109928,4849110,4845526.571428572,413.0,656.2857142857143
5696069,2021.06.23,736387,109955,4849727,4846780.428571428,477.0,536.5714285714286
5698076,2021.06.24,736854,109999,4851223,4848135.285714285,511.0,457.85714285714283
5699818,2021.06.25,737233,110032,4852553,4849339.714285715,412.0,404.2857142857143
5701946,2021.06.26,737233,110044,4854669,4850474.714285715,12.0,402.85714285714283
5703524,2021.06.27,737233,110061,4856230,4851575.428571428,17.0,403.2857142857143
5703780,2021.06.28,738391,110105,4855284,4852685.142857143,1202.0,434.85714285714283
5705863,2021.06.29,738542,110149,4857172,4853836.857142857,195.0,403.7142857142857
5707142,2021.06.30,738782,110161,4858199,4855047.142857143,252.0,371.57142857142856
5709806,2021.07.01,739204,110190,4860412,4856359.857142857,451.0,363.0
5712276,2021.07.02,739561,110213,4862502,4857781.142857143,380.0,358.42857142857144
5715282,2021.07.03,739561,110230,4865491,4859327.142857143,17.0,359.14285714285717
5717831,2021.07.04,739561,110239,4868031,4861013.0,9.0,358.0
5718270,2021.07.05,740195,110270,4867805,4862801.714285715,665.0,281.2857142857143
5720593,2021.07.06,740327,110297,4869969,4864629.857142857,159.0,276.14285714285717
5724395,2021.07.07,740535,110319,4873541,4866821.571428572,230.0,273.0
5728837,2021.07.08,740790,110344,4877703,4869291.714285715,280.0,248.57142857142858
5733214,2021.07.09,741083,110360,4881771,4872044.428571428,309.0,238.42857142857142
5737910,2021.07.10,741083,110379,4886448,4875038.285714285,19.0,238.71428571428572
5742166,2021.07.11,741083,110383,4890700,4878276.714285715,4.0,238.0
5742783,2021.07.12,741509,110406,4890868,4881571.428571428,449.0,207.14285714285714
5749593,2021.07.13,741663,110456,4897474,4885500.714285715,204.0,213.57142857142858
5749593,2021.07.14,741896,110456,4897241,4888886.428571428,233.0,214.0
5760374,2021.07.15,742270,110464,4907640,4893163.142857143,382.0,228.57142857142858
5771282,2021.07.16,742632,110486,4918164,4898362.142857143,384.0,239.28571428571428
5782231,2021.07.17,742632,110502,4929097,4904454.857142857,16.0,238.85714285714286
5794763,2021.07.18,742632,110507,4941624,4911729.714285715,5.0,239.0
5796453,2021.07.19,743245,110519,4942689,4919132.714285715,625.0,264.14285714285717
5814442,2021.07.20,743449,110548,4960445,4928128.571428572,233.0,268.2857142857143
5834523,2021.07.21,744051,110558,4979914,4939939.0,612.0,322.42857142857144
